domain,organisation
8x8e2e.com,8X8E2E
8x8testa.com,8X8Testa
8x8testb.com,8X8Testb
adobecqms.net,Adobecqms
agency360.com,Agency360
airbnb.app,Airbnb
allsaints.me,Allsaints
amazonpay.in,Amazonpay
amurobl.ru,Amurobl
anduril.au,Anduril
apigee.net,Apigee
appdemo.app,Appdemo
aspidanet.com,Aspidanet
auth0.net,Auth0
authentify.net,Authentify
beamitmobile.com,Beamitmobile
betsharedservices.io,Betsharedservices
bioid-management.app,Bioid Management
bitstamp.app,Bitstamp
bizible.com,Bizible
blendr.com,Blendr
boardkingsgame.com,Boardkingsgame
booktandl.com,Booktandl
bykea.pk,Bykea
cb2.ae,Cb2
cloudpayments.uz,Cloudpayments
co.in,Co
co.za,Co
cognitiveperformer.com,Cognitiveperformer
coinhako.app,Coinhako
coloros.com,Coloros
com.co,Com
com.hk,Com
com.ru,Com
com.ua,Com
com.uy,Com
coraldex.finance,Coraldex
cortexpowered.com,Cortexpowered
crateandbarrel.me,Crateandbarrel
cyberghost.com,Cyberghost
das.eu,Das
dee.app,Dee
discovery.app,Discovery
dmp.fr,Dmp
drivegrab.com,Drivegrab
egadvertising.com,Egadvertising
elasticsearch.com,Elasticsearch
eleganthotels.com,Eleganthotels
episerver.net,Episerver
europolitan.se,Europolitan
exness.cn,Exness
expedia-aarp.com,Expedia Aarp
fashion4less.me,Fashion4Less
financialforce.com,Financialforce
flipkart.com,Flipkart
foliodigitalwealth.com,Foliodigitalwealth
foliofn.com,Foliofn
furycloud.io,Furycloud
fuze.me,Fuze
fuzemeeting.com,Fuzemeeting
getofficial.co,Getofficial
gocardless.io,Gocardless
golabs.io,Golabs
goldman.com,Goldman
goldmanpfm.com,Goldmanpfm
goldmansachsindices.com,Goldmansachsindices
gotdrops.cloud,Gotdrops
gov.mz,Gov
grab-sure.com,Grab Sure
graballstars.com,Graballstars
gs.de,Gs
gsselect.com,Gsselect
harmonixmusic.com,Harmonixmusic
hmxservices.com,Hmxservices
hotornot.app,Hotornot
housetrip.com,Housetrip
hubspotemail.net,Hubspotemail
ikarem.io,Ikarem
incapsula.com,Incapsula
innovexperiments.com,Innovexperiments
jbl.ru,Jbl
just-data.io,Just Data
lego.me,Lego
loanbuilder.com,Loanbuilder
logitech-partner.com,Logitech Partner
lululemon.me,Lululemon
maf.ae,Maf
magicplanetmena.com,Magicplanetmena
marketo.com,Marketo
marktravel.com,Marktravel
marrtool.com,Marrtool
mona.co,Mona
msgsvc.io,Msgsvc
music.tv,Music
mycontactual.com,Mycontactual
myritzcarltonresidences.com,Myritzcarltonresidences
n0c.com,N0C
nflxext.com,Nflxext
nflxvideo.net,Nflxvideo
notebleue.pro,Notebleue
notion.id,Notion
nr-ops.net,Nr Ops
opera-mini.net,Opera Mini
opera.software,Opera
opera.technology,Opera
osite99.com,Osite99
oursustainableport.com,Oursustainableport
packet8-pilot.net,Packet8 Pilot
paydiant.com,Paydiant
payzippy.com,Payzippy
personio-internal.de,Personio Internal
pinepgconsole.in,Pinepgconsole
plateng.io,Plateng
playmaster.gg,Playmaster
playwsop.com,Playwsop
popsocial.io,Popsocial
ppb.com,Ppb
practicalbusinessskills.org,Practicalbusinessskills
practicalmoneyskills.com,Practicalmoneyskills
practicalmoneyskills.org,Practicalmoneyskills
projone.net,Projone
psychobunny.me,Psychobunny
redoxstage.com,Redoxstage
rei.com,Rei
remitir.com,Remitir
remitly.me,Remitly
remitly.mx,Remitly
remitly.org,Remitly
requirementyogi.cloud,Requirementyogi
rieker-shop.be,Rieker Shop
say.rocks,Say
sberspasibo.ru,Sberspasibo
scene7.com,Scene7
securityservices.io,Securityservices
seller.app,Seller
semrush.net,Semrush
seoab.io,Seoab
shiseido.me,Shiseido
skidxb.com,Skidxb
skybet.net,Skybet
slingshot.app,Slingshot
slingshot.finance,Slingshot
sol-data.com,Sol Data
solarcity.com,Solarcity
sonyentertainmentnetwork.com,Sonyentertainmentnetwork
spark-portal.org,Spark Portal
spark-summit.com,Spark Summit
starbucks.cn,Starbucks
swiftcapital.com,Swiftcapital
tamg.cloud,Tamg
telenorinpli.se,Telenorinpli
tesla.cn,Tesla
tesla.services,Tesla
teslamotors.com,Teslamotors
thatconceptstore.com,Thatconceptstore
tiktokw.us,Tiktokw
touchtechpayments.com,Touchtechpayments
travix.io,Travix
trialpay.com,Trialpay
triseptdemo.com,Triseptdemo
twitterflightschool.com,Twitterflightschool
ucverse.com,Ucverse
uesmartradio.com,Uesmartradio
ugc.now,Ugc
united.com,United
uscc.net,Uscc
varonis.de,Varonis
varonis.es,Varonis
varonis.ru,Varonis
vfsglobalcustomerexperience.com,Vfsglobalcustomerexperience
vidaxl.org,Vidaxl
vodafone.om,Vodafone
voxcinemas.com,Voxcinemas
vwfs.dk,Vwfs
vwfs.mx,Vwfs
vwfs.nl,Vwfs
whois.eu,Whois
wienkav.at,Wienkav
wonderboxapi.com,Wonderboxapi
workfront.com,Workfront
xoom.app,Xoom
xvideos.net,Xvideos
yellowblocks.me,Yellowblocks
yugalabs.io,Yugalabs
zdev.net,Zdev
zyro.com,Zyro
